TitleLFW99,67
Title7WR77,62
TitleF6Q9B,107
Title8TVFW,65
TitleH8JO8,67
TitleTIQQB,65
TitleMX686,26
TitleIJHNQ,67
Title0I2YB,107
TitleAQQ0V,67
TitleEI25F,67
TitleFSKOL,65
TitleICBK5,65
TitleG9LIO,65
Title8EO8J,107
TitleVACS4,74
TitleSEGMK,69
TitleRQ40S,107
Title7OQLI,65
TitleUHFMS,69
TitleMIY1E,67
Title8V79A,65
TitleSUP98,67
TitleV7A55,65
TitlePYN9R,60
TitleWHSB9,107
Title4O9W8,65
Title4ADC7,65
TitleAOSNG,67
TitleGLQ1B,107
TitleCWXNH,65
TitlePH4MM,57
TitleX5N97,107
TitleG9XRM,62
Title647P4,67
TitleK0B7U,65
Title0CB6H,67
TitleEDH0J,67
Title18PJ9,107
Title8VP4R,67
Title5XUZ4,67
Title87KXM,62
TitleQ9OLH,68
TitlePPCRT,65
TitleM7MI8,67
TitleWVZE5,26
TitleFJ1X5,58
TitleQNBB2,60
Title5H0JP,67
Title6FG9M,67
TitleL9GDP,69
Title6HBCV,67
TitleKNEJX,67
TitleYSFW0,26
Title3CNEC,71
Title9MZW7,65
TitleX45GJ,107
TitleZ5BEP,67
TitleEPV49,26
TitleHVSAR,107
TitleRQT3I,67
TitleAF3SX,67
Title258KB,65
Title18LT0,65
Title5EO7J,26
Title78BKS,107
TitleZ2I84,67
TitleK6XHW,107
Title2SA6A,67
TitleZ09V2,65
TitleM7NTE,107
TitleCXTVO,107
TitleMGGSO,107
TitleJRJ0L,65
TitleI4IBH,26
TitleNA10U,67
Title4Y641,67
TitleXLAO0,26
TitleRDHQ6,67
TitleGP2OR,67
Title0PI0L,65
Title6PW1I,67
TitleWUOX2,67
TitleGPEPU,65
Title1JW1L,62
TitleLQAD5,60
TitleDL12F,107
TitleIJK0A,65
TitleXVBNJ,69
TitleGASTL,65
TitleJ828U,67
Title3SY9H,67
Title2NHP1,67
Title83IE7,107
TitleA4786,58
TitleLVKQH,69
Title7X53J,67
TitleNFX5G,65
TitleVUB6L,69
Title42WEK,67
TitleFU11S,26
TitleIY8QH,67
Title1EG42,67
Title27F7I,65
Title30JVL,74
Title9BRRB,26
TitleWU7VY,62
Title8DKG6,67
Title822S2,71
TitleWZ0U3,67
Title0NZNC,71
TitleOYE7R,26
TitleHW996,65
TitleOTYJ0,107
TitleRVC70,107
TitleI2HUM,107
TitleAARF0,67
Title1JG0M,65
TitleN0ES3,67
Title3F9QX,67
TitleRU7EP,62
TitleSTOTN,67
TitleTCTFU,67
TitleKWDKS,107
TitleBUUJR,67
Title3L52R,62
Title6G1P2,67
Title4BGAO,67
TitleZPS32,69
TitleX5ZRG,107
Title3U44O,65
TitlePWUSR,67
Title039A1,60
Title63GE4,67
TitleTV00H,26
TitleQ8KIQ,26
TitleZ1OZZ,67
TitleYR43Y,60
TitleM4QN4,67
Title8VI8P,107
Title8EBYS,67
TitleSZC09,107
TitleODKS6,69
Title90YB1,26
TitleNWGXT,67
TitleOHQ0T,65
TitleM8PKL,26
Title32M7C,67
TitleZ234W,26
Title5C0W3,60
TitleD8VG0,71
Title8UCE9,65
TitleQTNN5,69
TitleCDAQC,26
Title9N0OD,71
TitleCU1I5,67
TitleKCGMW,67
TitleLLZBC,26
TitleJTM4X,26
TitleFRDHK,107
Title25BYZ,67
Title5LLYR,67
TitleBOEWL,60
Title97J4Y,67
Title4GYSK,26
TitleQ81J0,107
Title4E53Y,67
TitleD1QQF,67
TitleIJFUJ,67
TitleSEE57,26
TitleIBPBY,26
Title7S8BC,67
Title8HKC8,67
TitleBV4VN,26
TitleYEOJA,65
TitleID7DV,67
TitleGAPUO,65
TitleID148,65
TitleWDDK2,67
TitleSXVQK,67
TitleJ00AH,58
TitleLQTXC,107
TitleV9BJX,67
Title5WVD3,65
TitleEKV7Q,65
TitleC28GY,65
TitleCDK81,67
TitleHMWMU,67
TitlePSTMQ,67
TitleHMLV3,67
TitleRMRJF,26
TitleEGVIB,67
TitleUPUCU,67
TitleRFTM9,107
TitleFFS5I,67
TitleJISDK,58
TitleX1YFV,107
TitleF8GFO,65
TitleZURC7,67
TitleYDQMQ,67
TitleB2W6M,67
TitleM30WI,67
TitleAMXD1,107
TitleIWM48,107
TitleOMKR9,58
TitleAWY3L,107
TitleC0JHX,107
TitleDID9N,107
Title7CM1Y,65
TitleP4QN5,69
TitleDZIIB,67
TitleZOAE6,69
TitleM1IOA,67
TitleGOQYJ,72
TitleKIK98,107
TitleK2BNY,69
TitleS1YX4,67
TitleWKRHV,65
TitleXZYJL,67
TitleNJEG0,26
Title8L9LM,65
Title2FM5V,65
TitleO0J40,69
TitleVNQGE,62
Title4LGQS,62
TitleD8SRY,65
TitleQX894,107
Title2438T,65
Title2YWQU,67
Title0XW0J,67
Title17PLU,70
TitleETZQ6,107
Title1TN0X,65
TitleA25OE,26
Title8IXIC,65
TitleT83MR,58
TitleDY0XF,67
TitleJ6POZ,107
Title4GP3G,67
TitleS7EFB,69
TitleM31V6,65
Title4T7YE,70
Title6OUL7,65
Title2XP3R,67
TitleV995V,65
TitleH2KVU,67
TitleH4M5J,67
TitleS1D7P,107
TitleKZ20Y,107
Title255V9,67
TitleLCN48,26
Title3PMXU,67
TitleIPKGV,62
Title8QEBT,71
TitleOE88J,107
TitleN9PDN,65
TitleL71CI,107
TitleZB60T,107
TitleKFQSE,107
TitleCE7CW,65
TitleHC2N9,67
TitleHVP3Y,67
TitleT0958,107
TitleLH8DR,65
TitleN3BQA,67
TitleU8DHG,67
TitleKCTG2,67
TitleHLLB1,67
TitleAF5DV,107
TitleS1ACX,26
Title4LDAN,60
TitleUF1WU,65
TitleDOI39,67
Title5ANAM,107
TitleBHYDH,67
TitleHUB2L,107
TitleEP6NV,26
TitleOIMYE,67
TitleQWS3H,107
TitleKXH1L,67
Title6GJ40,67
TitleHXOXO,67
TitleV0SJH,65
TitleCI1D3,67
TitleUVISQ,67
TitleZSSOI,107
Title19R6F,65
TitleT7NVW,26
TitleTWESB,67
TitleEYKBX,67
TitleW5IVZ,107
TitleI5GH3,65
Title52RPB,70
TitleEVW3F,67
TitleSFBE8,67
TitleF3M48,67
TitleTR0IY,68
TitleMJQQP,67
Title10CSZ,107
Title67M84,65
TitleOB2V7,67
TitleL31FT,107
Title16EUC,65
TitleC1LTI,67
TitleG56FH,67
TitleV1BYL,107
Title7VR6C,107
TitleHL5IV,107
TitleQOO7Z,26
TitleLVLHT,67
TitleD5563,65
TitlePCA4H,65
TitleUS685,26
TitleHNB80,67
TitleZTRNM,67
TitleYN92I,67
TitleQ49SG,67
TitleLPI6J,65
TitleW6SK7,67
Title7MMRV,58
Title1SQL9,60
TitleGLF7O,62
TitleG181A,26
Title83J0B,67
TitleOWCGS,67
TitleK7R5M,107
TitleAQQJK,60
Title6WT38,62
TitleZO4HC,107
TitleUPT07,67
TitleABFTJ,67
Title6YTC4,65
Title9OFV8,67
TitleAVBT8,67
TitleL4MEG,58
TitlePWHRQ,107
Title4L1WO,26
TitleMA4HC,67
TitleQI3CT,67
TitleQ0UA3,69
TitleTBY1C,69
TitlePVN8Y,67
TitleP6QRU,67
Title0LDW9,67
TitleR5DTN,26
TitleAKZUB,67
Title8W5O4,67
TitleMT97M,26
TitleJML8D,26
TitleOVF7D,67
TitleIR2NT,60
TitleLXRY8,67
Title5AKK1,107
TitleANJT4,67
TitleA5239,67
TitleJWMZ4,67
TitleDOVG8,67
TitleYI3RB,68
TitleDSSO1,67
TitleIFM5G,107
TitleGL6N4,107
Title0T58I,67
TitleM6D5V,26
Title24L0J,58
TitleCRM5Q,107
TitleOH8G7,67
TitleGV6OC,65
TitleBL7XR,74
Title15YBA,67
TitleK21SO,107
TitleAFLQK,26
TitleLH46C,107
TitleBG0CZ,107
TitleB5OYH,26
TitleBP52E,67
Title1UX5I,65
TitleU48UF,67
TitleA1IY2,65
TitleY0BFM,62
TitleFH04Z,65
TitleAF82F,60
TitleATBLK,67
Title96AA9,67
TitleYHMSA,69
TitleO42PH,107
TitleBVO76,67
Title3CG5G,67
TitleG591V,67
Title0FEDZ,67
Title1KF9A,67
TitleM5GDO,107
TitleXSNO6,107
TitleZ1HN6,65
TitleIPPFV,107
TitleIETRX,107
TitleWCY20,67
Title2BN1W,62
TitleNHWHI,65
TitleY88AD,107
Title94LEE,67
TitleOPLVA,67
TitleN5XT1,107
TitleYBAYX,26
TitleUFYQO,69
TitleZ73DT,67
TitleLP50M,107
TitleDQC45,67
TitleL7OPZ,67
TitleL8S5H,107
Title13M4N,67
TitleZ5DTF,107
TitleQAUJQ,107
Title8UJTT,67
Title4ICIG,26
TitleLZD1F,69
TitleQW0V3,70
TitlePRDN7,70
TitleNN1Y5,107
TitleENIO6,67
TitleUUODX,67
TitleJCQCM,67
TitleNEI24,67
TitleJP3DF,65
Title9THB9,67
Title6K755,60
TitleF2NSF,67
TitleDZBNS,71
TitleRR6KD,67
Title2P2UA,71
Title5I1Z2,67
TitleGPLQ1,67
TitleGVDD6,26
TitleXG3B1,67
TitleJKLIJ,26
TitleUI06F,65
Title5ZQJ6,67
TitleDG61H,67
Title588RI,26
TitleQ6CA8,68
Title3JPKO,65
TitleBMWC3,65
Title9PR6L,26
TitleHCDGS,67
Title9YK4G,67
TitleJ2KNY,107
TitleDNWKT,67
TitleEOXNV,67
TitleLG4I3,74
TitleK6FR7,67
TitleYUQRB,69
TitleL5AKV,69
TitleB5AYD,65
TitleZVDGJ,107
Title90C9V,67
TitleWRT3D,69
Title8L7KR,26
TitleFJF2L,67
TitleSMS1X,26
Title1T75M,67
TitleW6RE0,69
TitleA8KG1,62
TitleG9WAV,67
Title1GF1F,67
TitleEIRXL,67
Title1I5EJ,67
TitleOJA86,69
TitleN7BDF,107
TitleJU7DZ,26
TitleEATCO,26
TitleF1FWY,67
Title9Y4KX,67
TitleM4CKE,26
TitleLN52E,67
Title7SM0P,60
TitleYZGIU,26
TitleDG2Q9,67
TitleNMO65,67
TitleQ2416,65
Title0YKSH,26
Title88B16,67
TitleWK9QP,67
TitleV9F64,65
TitleEQMU3,67
Title89F8J,67
Title22JFS,107
TitleXF5J9,69
Title5K7T3,67
TitleTDHRA,65
TitleMND6Q,67
TitleAN51P,65
TitleVY6BQ,107
TitleMDENH,107
TitleMPB9M,26
TitleTTC2Z,26
Title6193Z,65
Title3W57Q,67
TitleSUHUY,58
TitleDML8N,67
TitleEWIQD,26
TitlePM2DT,107
Title3SS0N,67
TitleQFSPH,107
TitleRDRIU,67
TitleHJGK7,107
TitleOVKVG,107
Title8T568,67
TitleNERXS,65
TitleVWN77,26
Title0X50I,67
TitleZMGJV,67
TitleTS7K5,26
TitleRDAIV,67
Title9AJ0B,67
TitleORIO0,26
TitleGYCWO,67
TitleU9O6U,58
TitleR4RTA,61
TitleVP81F,67
TitleQW83G,67
Title8T56L,67
TitleL0OL9,67
TitleJ9NP6,65
TitleG7TBB,65
TitleJ1NOA,65
TitleHO00S,65
TitleHWRJ5,65
TitleVC735,70
TitleLGK8Z,65
TitleJL41F,107
TitlePFBLL,107
TitleCTMEQ,67
TitleQ7M14,67
TitleJVBAV,65
TitleGGOKG,26
TitlePO2U6,107
TitleIKWH3,65
TitleMFTFQ,107
Title1TP5B,60
TitleZRAYF,65
TitleRZ0T6,67
TitleDQKNF,67
Title5EUND,26
TitleA3EX2,65
Title34NX8,67
TitleXGOR3,62
TitleYMCL8,65
Title796OJ,65
TitleHAGZK,67
TitleYCATD,107
TitleIQX69,67
Title2ZD34,107
TitleWYFG7,67
TitleF9NH2,26
TitleU5G6M,69
Title1D144,107
TitleRCU9S,67
TitleV8IGR,65
Title8C614,65
TitleXBMLA,67
Title14XOY,65
TitleK5X9K,65
TitleJ58FR,67
Title4598L,67
Title0V24O,65
TitleSXB2K,62
TitleCFS7C,65
TitleFGSAR,67
TitleNR01C,65
TitleOG0W5,65
TitleO0W9A,26
TitleODHIB,65
TitleLUTU8,67
Title69CAK,71
Title3P32Y,71
TitleO8D32,65
TitleAWHMQ,67
TitleCNMOH,65
TitleFEP4O,67
TitleWZ6PW,107
TitleX5K7N,67
TitleC03L7,62
TitleE5Q54,26
TitleAHRGL,107
TitleH9W66,67
TitleIQ5E1,67
TitleJUKCO,67
TitleLJ0HP,62
Title31HIX,67
Title2YVFS,65
Title7GE1E,67
TitleLAX39,67
TitleYA3NG,67
TitleJ6NO7,107
TitleI2EAL,67
TitleON75V,107
TitleNSMKO,67
Title9NR7W,67
TitleAUB8Z,69
TitleKWKPE,65
TitleIQUMU,107
TitleLOAM5,67
TitleC9G4T,65
Title4VPLQ,58
Title0JYDR,71
TitleTS8MI,107
Title70DMK,67
Title2UAUP,62
TitleV9PHV,62
Title0NBS8,60
TitleLCJLX,67
TitleJV2TP,60
TitleM5KKM,67
TitleAXQAR,72
TitleFBOKU,58
TitleWVYD0,107
TitleQ665Z,67
Title9D0M3,107
TitleO03XW,62
Title3YH7M,67
Title3YXZM,65
TitleM0RKL,65
TitleZAVMZ,107
TitleLDTY4,26
TitleWF3RA,67
TitleYS2LK,67
TitleIVJWF,67
TitleKI2RS,65
Title6TJK1,107
TitleXATVK,67
Title14NP1,65
Title88QCI,107
Title3Q1LO,67
TitleJU11L,60
TitleYGI2R,69
TitleFP4TU,58
TitleGG54T,67
TitleKBM00,67
Title30J96,60
Title1PVTI,65
Title9SYKK,67
TitleK43ZC,67
TitleDUHSS,58
Title7RRXC,60
TitleUEQYV,107
TitleMMLEF,67
TitleA4BTU,67
Title0JE6G,60
Title6684W,70
Title4J7NH,65
Title97VMD,65
Title56FM2,65
Title7YWQ3,67
TitleTPE9A,26
TitleZ9JYL,67
Title4KML8,65
TitleSB7JJ,70
TitleUKTON,107
Title8JHPF,67
Title8ERJ3,60
Title92E6Y,107
Title3JI79,60
TitleCCA3E,67
TitleAAFMA,68
TitleN92N1,107
TitleTF80F,67
TitleLZ9SM,67
TitleEAV6S,67
TitleQE6FG,67
TitleTB2GA,65
TitleBBECR,62
TitleTA8CG,26
TitleVP632,67
TitleE37LN,69
TitleQQEIH,26
TitleKUOCF,26
TitleRJ4DB,67
TitleH4R66,107
Title2RXBY,58
TitleQNEVA,60
Title2BX68,71
TitleRBCJL,107
Title6FJ20,67
TitleK3Z5V,67
TitleNSRC8,107
Title8658E,26
TitleZR6HH,107
Title3QBL1,67
TitleQ0GCF,107
Title1QYC3,60
Title0GBN3,67
TitleERDQE,67
TitleUHUX2,67
TitleVCV0Y,58
TitleW2VYR,67
Title2LMH6,71
Title40OVF,26
TitleO40PV,26
Title1WH1V,65
Title1GGZB,65
Title6ZNYY,26
TitleNVDHU,69
TitleI5HX1,67
TitleOAFIR,67
TitleCA4XO,65
Title611CG,60
Title3KZV8,107
TitleGUQQ7,67
TitleVG0XS,107
TitleSYAJ2,67
TitleE6FGY,67
TitleZA1B3,67
TitleF3YLT,67
TitleV3E0J,67
Title3DVJ5,107
Title9490D,58
TitleAIYIR,65
TitleMLDBZ,26
TitleJL6YK,67
Title4JVW0,107
Title78UQJ,67
Title4C6JS,62
TitleL9Y48,67
TitleGAEWM,65
Title63F7U,67
Title6HGIR,67
TitleQ7BR6,107
Title22OV9,67
TitleI95P5,65
TitleQJ4C6,67
Title1HSAV,67
TitleQ3BQE,107
TitleYYPUT,67
TitleE3CJT,62
Title378PE,62
TitleYXWE6,107
Title7O5LP,65
TitleXO3XY,65
TitleJ7VTK,62
Title4LRYC,26
TitleUOWQD,67
TitleA0D9U,65
TitleNJY3F,67
Title8TUE5,67
TitleV5HM2,107
TitleEI2T2,67
TitleHHLQO,107
TitleF0RUA,67
TitleAJ2N2,26
Title3QKIG,62
TitlePUEI8,67
TitleIVN3Q,67
TitleR9PDY,67
TitleVNGKQ,68
Title2IC2I,71
TitleI50A6,67
Title79XYB,67
Title0DSQK,65
TitlePGHEZ,67
TitleHGTM1,67
Title2GIU2,26
TitleKGSN1,67
Title2POD1,65
TitleQ2RY1,65
TitleYBQAZ,67
Title8ZYT7,65
TitleJU74Z,69
TitleBLNHM,65
TitleTFZZG,107
Title3AH6D,60
TitleBCP9O,65
TitleTI63D,67
TitleK6IX3,107
TitleX22Z8,65
Title93BJX,67
TitleD6UC3,65
TitleG2GE6,70
TitleCZ09K,62
TitleA1WS2,26
TitleUGHI2,65
Title7XQ09,65
Title5WD4S,67
Title8WDNG,67
TitlePGCSO,107
TitleXFB40,67
Title26BHG,67
TitleJD4JF,67
TitleY4XYP,67
TitleAJSX1,67
TitleVJ1UG,67
TitleZS6OP,67
TitleHEMH3,69
Title7LZLZ,74
TitleIEUL3,62
TitleA9ZZ0,107
Title6UZLX,26
TitleL68U3,26
TitleH34BX,65
TitleXZOR2,67
Title9Q034,62
Title1L2YW,26
Title7EMQW,107
TitleNMDW9,67
Title4SOK6,107
TitleHIIKG,65
TitleJ6OUO,65
TitleV2ZI6,26
TitleEGJME,107
TitleHMKKD,65
TitlePWFPI,65
TitleMNQ3W,67
TitleVIBB1,26
TitleJJZA5,74
TitleSICYR,65
TitleM3VGM,65
Title7LKBH,67
Title4Y7J8,67
Title2LFUJ,71
TitleE1KFC,67
TitleXZ6VX,26
TitleX5TX2,107
Title9L6F7,67
TitleUV0RX,67
TitleS8AJY,67
Title1JQ05,65
TitleKYX1N,69
Title82OMP,71
TitleBNX81,26
TitleB1AEB,26
Title8HFYL,67
Title27AIM,62
Title9FYQQ,58
Title5OV9D,67
TitleMZJHG,65
TitleXOS0M,65
TitleBACYX,26
Title9AKRK,67
Title1Q2W4,67
TitleFWISC,67
TitleROT6X,62
TitleBKDU8,26
TitleWZJV8,67
Title3KZX5,67
TitleFCGJM,65
TitleJ56DY,67
Title5VLDW,67
TitleU7X4A,26
TitleY10R0,67
TitleEKQ53,67
TitleW0VCR,67
TitleBV0OU,62
TitleJUE2Y,107
TitleJ62S2,69
TitleN9ANY,70
TitleEHNRI,62
TitleS55G3,62
Title0SVP8,65
Title4BIIL,74
TitleP469R,67
TitleW6PBL,67
Title8554U,67
TitleKI71G,67
Title88VI1,67
TitleSH9LB,107
Title460J1,67
TitleG1Y52,65
TitleIWJR5,107
TitleA9DR3,62
TitleMLFU4,67
Title3NKI2,60
TitleB8VLW,67
TitlePC346,67
TitleG3G2J,107
Title5DS6A,65
TitleRWILB,62
TitleR2PDC,107
TitleTBAO2,68
TitleMSWGF,67
TitleYLGYR,67
TitleM13M8,67
TitleS1SEQ,67
TitleQHSR9,107
TitleF9P8D,26
TitleZ9O72,67
TitlePVUB5,67
TitleRZAO0,62
TitleJHLI9,69
TitleREUNA,67
TitleKEVHR,65
TitleA3ICI,74
Title7I95S,65
TitleKE25L,65
Title7OLL4,107
Title0HGK8,60
Title7IQDL,67
TitleR1DYG,65
Title59TJT,60
Title3TWLR,67
TitleYSGBV,107
TitleL3AYF,67
TitleUMG3L,26
TitleNPER0,67
Title7ZDT2,65
TitleCSBJU,67
Title39ZES,65
TitleHC1GA,62
TitleNFXHI,67
TitleJC4E2,107
TitleFVC1X,67
TitleDYPTL,107
TitleDJ7W9,65
TitleLY689,65
Title8E4Z1,67
TitleWMYFL,107
TitleTFNOY,69
Title8CD1X,67
TitleYFZA9,60
TitleD02NO,67
Title9ITLN,107
Title8VJG0,67
TitleREFHY,65
TitleDVRCS,67
TitleZX3LI,107
TitleS8QPX,107
TitleTIRJ4,67
Title8W9AG,67
TitleQ0R5G,59
TitleFLO7M,62
TitleOZJGR,67
TitleUEYFG,65
TitleQL4V1,107
TitleESN2R,67
TitleAWNOO,26
TitleSNJWS,67
TitleLKO92,67
Title9D5AA,65
TitleWT6SF,26
Title588J8,58
Title0SMJO,62
Title9TBW1,67
Title0ELK1,74
TitleGXFLR,67
TitleMQXRX,58
TitleD2VER,67
TitleDAON2,67
TitleP5SIJ,70
Title8B3E4,67
TitleYYHNQ,107
Title2PE1M,107
Title0SO9F,67
TitleWQ4BM,26
TitleYQZPK,71
TitleFCUWU,67
TitleVFB6H,69
TitleUHPX9,107
TitleSMDNP,67
TitleWKBSS,62
TitleIZP7P,26
Title43RME,67
Title4MRML,65
TitleRYP89,67
TitleYJNQ6,65
Title0PAED,67
TitleMN8X2,67
TitleK81LV,67
TitleG2JPO,107
TitleZEYQ7,107
Title73MXX,65
TitleND3FY,65
Title9I4HI,62
Title6LB8T,65
TitleSK12O,67
Title62H2O,67
TitleIW3LW,107
TitleJ9YHG,65
TitlePD5S6,67
TitleDOFWI,65
Title7J14K,60
TitleZGAJN,69
TitleUFC1H,67
Title2B83U,67
TitleLVG9X,26
TitleS0S4S,107
TitleB6LB8,26
Title6JWPG,65
TitleAPD84,67
TitleQL20Z,65
Title0JA99,67
TitleZA7L7,67
TitleT7UA0,58
TitleCWDVV,26
TitleUN41S,67
TitleU5I69,26
TitleXV8OR,65
TitleY5SZO,65
Title6240M,67
TitleNAA5U,67
Title79L43,107
Title2VFXO,60
TitleGVMF2,67
TitleEWXGP,67
Title0IEJT,71
Title7IURP,67
TitleZMS0G,107
Title9SCSB,65
TitleICJLB,67
Title4N9QJ,60
TitleB6SFO,67
TitleC2RNN,65
TitleDLOR9,62
TitleE8N1F,62
TitleBQJJS,65
TitleFD2OQ,61
TitleV9K3Z,67
Title99QX1,67
TitleYO3KM,67
TitleHWV73,67
Title25PK4,107
Title0IWU0,67
TitleFFYMT,65
TitleCWFWB,60
TitleHNWJD,67
TitleZJD05,107
TitleWWDV1,62
TitleS6THT,65
Title70QKM,67
Title6T23I,65
TitleALOKY,67
Title2WRUI,67
TitleIUA19,67
Title2A9XG,67
TitleZ48Q6,69
TitleBRXSP,26
TitleJ9JMI,65
Title2HYG1,71
Title8E0B4,65
TitlePLHUK,107
TitleV852V,26
TitleBPAQ5,60
TitleD9BFN,67
Title30IV1,67
TitleNTQU8,69
TitleXHP13,69
Title9WLIH,26
Title7J126,26
TitleV2PWG,107
Title2J65T,67
Title1P0JS,107
TitleKOB7P,65
TitleZY7R3,107
TitleVZ5BC,67
Title5DV9W,62
TitleRZL71,26
TitleCX5OQ,107
TitleR0DZC,107
Title9MNY7,67
TitleHM7N9,62
Title7FAJ6,60
TitleKWF01,26
TitleIZRYL,67
TitleRFCI9,69
TitleK7B6Z,107
Title5PT48,65
Title2XT6T,65
TitleBHM8Y,67
TitleQ44WB,107
Title6MK4W,60
TitleVWMAA,107
TitleRINOT,26
Title1P6RF,58
TitleNDF42,107
TitleGW5IQ,67
TitleBZUMR,65
TitleSAVA1,67
TitleA2FKB,67
Title9UO19,71
TitleQMOAC,107
TitleUJO55,26
TitleI0LOH,67
TitleMY66V,67
Title0L60D,107
TitleISJYH,67
Title2IDJ5,65
TitleAQN3I,107
TitleNTPRN,107
TitleX0LFR,65
TitleOTM5U,26
TitleVXI0F,67
Title8GSMN,67
Title07HDM,67
TitleF3U8R,65
TitleFMYWN,65
Title1VGK1,74
Title7FQAU,65
Title396JG,67
Title49N0C,67
TitleI0QE9,26
TitleHY9KZ,65
TitleIJK8B,107
TitlePJ7XX,65
TitleM04CE,67
Title00IIZ,65
TitleJZX70,65
Title6EAOX,67
TitleO794O,67
TitleTHURR,58
TitleRFKRE,67
TitleA14CF,58
TitleW7ZZA,70
Title9KHT5,67
Title44AED,67
TitleVC0QV,67
TitleKAXBO,60
Title9L4G6,67
TitleKPVWV,107
TitleXLCE0,71
TitlePDPE7,62
TitleFYMJ1,26
TitleWZFOI,26
TitleX0AB7,65
TitleFFLSS,26
TitleBAWYQ,65
TitleJNM5A,71
Title3GAGV,26
TitleDXT5Y,107
TitleUQTZR,67
TitleLRG3J,62
TitleZVNUY,67
TitleQ8TWQ,67
Title0E678,67
TitleV91WL,26
TitleIP70I,62
TitleL53X9,67
TitleABZEA,67
TitleT51A7,67
TitleB3638,62
Title3T9XT,67
TitleUN2OC,69
Title62LOO,60
TitleNBFP1,67
Title09TGV,65
TitleON1VY,67
TitleUDQXO,107
TitleL8YMJ,26
TitleYNDBE,58
TitleFWTSP,65
Title424KC,67
Title3819T,71
TitleAGWJ9,67
TitleF2AEC,107
TitleRU8EG,67
TitleSUPGO,107
TitleM2A4A,67
TitleKTQVP,67
TitleQWYOG,26
TitleUOZD1,69
Title8Z94Z,107
TitleVDBYX,107
TitleZFBYH,69
TitleXUOKQ,65
TitlePAY3R,67
Title1WP2O,67
TitlePB4C9,74
Title8XWOR,67
TitleP23O4,67
TitleST3S0,65
TitleY3J6Q,67
Title0BUPL,67
TitleGTYG7,65
TitleWPRJ1,65
Title8UIKJ,65
TitleFR5MK,65
TitleTIFWR,67
Title5QO84,60
Title0F8AP,65
Title1V9G1,26
TitleCD0XS,67
TitleND2T4,107
TitleE7X92,67
TitleKDCQI,26
TitleG1KVF,62
TitleTSEK0,107
Title5A4R3,65
Title7XCBD,67
TitleQ0XV2,65
TitleOEC3Q,67
TitleY0Y06,65
TitleQ8N2Y,67
TitleW8N5U,107
Title062F6,65
TitleAFC3Y,67
TitleRE78M,67
TitleMVJYK,67
TitleJ7BJN,26
TitleKBJ1Z,67
TitleB5JX5,67
Title02VYQ,67
Title798DR,67
TitleWV4ZH,107
TitleUDRKU,26
TitleWO8MR,107
Title190KW,65
Title97T93,65
TitleXW76I,65
TitleVRFXM,67
Title995GJ,67
TitleC58E9,62
TitleA4YR1,67
TitleV2LUY,67
TitleW4QDM,67
TitleXNK2D,67
TitleHRVFD,107
TitleM2XA4,67
Title90S23,65
TitleWIX5Q,67
TitlePOV52,62
TitleOTE7P,107
Title2B2J1,60
TitleZIRXS,107
TitleXTPUW,67
TitleS0HH3,68
TitleIVZ0Y,67
TitleQH0WL,67
TitleD7FEB,67
Title22T2W,58
Title7J25D,67
TitleT1MPM,67
TitleTEPP3,65
TitleYSQFY,107
TitleNNU37,26
TitleE12LU,67
TitleO8F7Q,65
TitleEGHOX,107
Title440N4,71
TitleC0HRY,67
TitleHRCKP,65
TitleVQ9Q9,67
TitleSDUWU,107
Title09FWX,58
TitleWRUZ0,69
Title1UDCX,65
Title9TF1P,65
TitleESREM,67
TitleFJHQS,67
TitleC5AFU,26
TitleC3OLZ,67
TitleOMMU4,67
TitleW3NVI,26
Title7CCFK,60
TitleXHLU2,107
TitleW27M7,69
TitleQXRG7,26
Title2XL6E,67
TitleCQ4PO,67
TitleTDJQN,107
TitleGMAO2,107
TitlePLC71,60
Title1I5CJ,65
TitleQDIDK,74
TitleSEZ20,26
Title7LBW2,26
TitleIA8LJ,67
Title9J4YZ,67
Title1BD1Q,62
TitleUPJJM,67
TitleEUG5R,67
TitleU14X6,26
TitleFLO71,69
Title9F177,65
TitleI18WE,67
TitleQCOHJ,65
TitlePUZPF,67
TitleRMFT0,58
TitleNTW9J,107
TitleRAAEQ,65
TitleBLZ1K,65
TitleLFEGS,107
TitleWGIP0,107
TitleYIQC7,67
Title4T9UI,62
TitleJCGD4,107
Title4UCSV,62
TitleVGWJI,26
Title6PDYR,58
TitleOEXQ0,107
TitleAQDC3,62
TitleEO95C,26
Title9XFSQ,67
TitleRJ50A,107
TitleVHXZC,26
Title3QXPT,65
TitleF6IUA,65
TitleOQ8MT,67
Title0QTJ8,67
TitleAB7UO,65
TitleHE30O,67
Title3AC1Z,65
TitleQP3TD,67
Title7LMA8,62
TitleNHR0O,67
TitleKLOAL,65
TitleVTBKT,69
TitleGVZ2J,65
TitleQ6VWC,71
TitleOSGZM,69
Title4GD3E,26
TitleKK4L3,107
Title2JDYT,26
TitleEM1O5,62
Title64TCM,67
Title080G4,67
TitleJB7MG,26
Title4D8TS,107
Title3E2Z7,65
TitleKNVMI,65
Title0RBVZ,67
Title5697Z,65
TitleZ8I4T,65
TitleROM86,67
TitleVT1MW,67
TitleY00CY,107
TitleQ0ZNJ,67
Title4L28B,67
TitleQLRIK,67
TitleYTBNS,69
TitleUCJ2Q,67
TitleQU9VW,67
Title4XE6R,67
TitleL4TLW,60
TitlePKOT8,67
TitleUIRVO,69
Title9C871,26
TitleE1RTN,62
TitleR5MLV,65
Title4QGAU,74
TitleGFGS1,67
Title34FKP,60
TitleS8JXS,65
TitleX7WEY,67
Title0IRWR,107
Title4AI1N,67
TitleN1I24,67
Title5MIVY,65
TitleYU35X,62
TitleHD1OC,67
Title0MN1N,67
TitleJNIM9,58
TitleDQJEL,65
TitleM2X5I,107
Title8UKWD,67
Title08QJW,60
TitleK8L29,65
TitleZVJNF,68
TitleO2XA4,107
TitleXULX3,107
TitleY9BHV,65
Title9NP2U,67
TitlePYJNG,107
TitleLN0CY,67
TitleJRZ9R,67
TitleT3H5S,26
TitleGZ5KM,60
TitleOL48T,65
TitleRDNKG,107
TitleS9UKU,67
Title5PNRG,67
TitleTCIQZ,67
TitleNDV0Q,67
Title6GMBZ,67
TitleS5C63,65
TitleZ3ALP,107
Title05BKD,71
TitleC852B,65
TitleP3YTE,62
TitleK8WB2,67
TitleQH2XE,65
TitleWVZ53,26
TitleERZI4,65
Title0UP6M,107
TitleONHWJ,26
Title8ILK0,65
TitleFIEHM,69
TitleKGM9B,26
TitleT48LG,107
TitleAG8Z5,26
TitleN727X,67
Title2Z9TI,60
Title08ADX,67
Title19QHR,26
TitleBNSOP,67
TitleJ9D04,63
Title1U32Y,67
TitleWA9UQ,65
TitleML5JC,62
TitleEO1H8,65
TitleGE7MP,60
TitleHLSF2,70
TitleM2BU1,26
TitleUV6AT,26
TitleBDLH3,26
Title1YMGO,71
Title3NHIN,60
Title749TU,26
